Name, Age, Gender, Department, Salary
John Doe, 35, Male, Sales, 50000
Jane Smith, 28, Female, Marketing, 60000
Bob Johnson, 42, Male, Operations, 70000
Sarah Lee, 26, Female, Finance, 55000
Mike Brown, 33, Male, Human Resources, 65000
Laura Davis, 31, Female, Information Technology, 80000
David Thompson, 40, Male, Operations, 75000
Karen Lee, 29, Female, Marketing, 60000
Chris Wilson, 37, Male, Sales, 55000
Jennifer Lee, 28, Female, Finance, 55000
Matthew Davis, 34, Male, Information Technology, 80000
Katie Smith, 32, Female, Human Resources, 65000
James Rodriguez, 41, Male, Operations, 75000
Emily Miller, 30, Female, Marketing, 60000
Timothy Brown, 38, Male, Sales, 55000
Caroline Smith, 27, Female, Finance, 55000
George Thompson, 39, Male, Information Technology, 80000
Megan Davis, 36, Female, Human Resources, 65000
Erica Wilson, 43, Female, Operations, 75000
Alex Rodriguez, 25, Male, Sales, 55000
Grace Miller, 33, Female, Marketing, 60000
Joshua Brown, 30, Male, Finance, 55000
Amanda Smith, 31, Female, Information Technology, 80000
Brian Thompson, 44, Male, Operations, 75000
Stephanie Davis, 26, Female, Human Resources, 65000
Nicholas Wilson, 37, Male, Sales, 55000
Samantha Rodriguez, 35, Female, Marketing, 60000
Zachary Brown, 36, Male, Finance, 55000
Haley Smith, 28, Female, Information Technology, 80000
Daniel Thompson, 39, Male, Operations, 75000
Abby Davis, 32, Female, Human Resources, 65000
Kevin Wilson, 40, Male, Sales, 55000
Olivia Rodriguez, 29, Female, Marketing, 60000
Jacob Brown, 31, Male, Finance, 55000
Ella Smith, 33, Female, Information Technology, 80000
Nathan Thompson, 42, Male, Operations, 75000
Mia Davis, 34, Female, Human Resources, 65000
Christopher Wilson, 38, Male, Sales, 55000
Sophia Rodriguez, 30, Female, Marketing, 60000
Ryan Brown, 40, Male, Finance, 55000
Isabella Smith, 26, Female, Information Technology, 80000
Adam Thompson, 41, Male, Operations, 75000
Natalie Davis, 27, Female, Human Resources, 65000
Jacob Wilson, 35, Male, Sales, 55000
Madison Rodriguez, 33, Female, Marketing, 60000
Christopher Brown, 36, Male, Finance, 55000
Avery Smith, 29, Female, Information Technology, 80000
Jonathan Thompson, 38, Male, Operations, 75000
Kaitlyn Davis, 31, Female, Human Resources, 65000
Joseph Wilson, 43, Male, Sales, 55000
Ravi Kumar, 35, Male, Sales, 50000
Priya Patel, 28, Female, Marketing, 60000
Vikram Singh, 42, Male, Operations, 70000
Anjali Desai, 26, Female, Finance, 55000
Amit Shah, 33, Male, Human Resources, 65000
Neha Gupta, 31, Female, Information Technology, 80000
Suresh Rajan, 40, Male, Operations, 75000
Radha Menon, 29, Female, Marketing, 60000
Sanjay Iyer, 37, Male, Sales, 55000
Anita Verma, 28, Female, Finance, 55000
Shivani Nair, 34, Female, Information Technology, 80000
Rahul Gupta, 32, Male, Human Resources, 65000
Nandini Menon, 41, Female, Operations, 75000
Aryan Patel, 30, Male, Marketing, 60000
Rajesh Singh, 38, Male, Sales, 55000
Pooja Shah, 27, Female, Finance, 55000
Aarti Desai, 39, Female, Information Technology, 80000
Aditya Rajan, 36, Male, Operations, 75000
Shalini Menon, 25, Female, Marketing, 55000
Vivek Iyer, 33, Male, Human Resources, 65000
Hari Verma, 40, Male, Information Technology, 80000
Divya Nair, 27, Female, Operations, 75000
Aakash Gupta, 35, Male, Sales, 60000
Ayesha Menon, 30, Female, Marketing, 55000
Rohan Patel, 31, Male, Finance, 55000
Anjana Singh, 28, Female, Information Technology, 80000
Manoj Shah, 44, Male, Operations, 75000
Sneha Desai, 32, Female, Human Resources, 65000
Gaurav Rajan, 38, Male, Sales, 55000
Preeti Menon, 36, Female, Marketing, 60000
Amita Iyer, 33, Female, Finance, 55000
Sudhir Verma, 39, Male, Information Technology, 80000
Vikrant Nair, 34, Male, Operations, 75000
Komal Gupta, 27, Female, Sales, 60000
Swati Menon, 30, Female, Marketing, 55000
Kishan Patel, 32, Male, Finance, 55000
Ritu Singh, 29, Female, Information Technology, 80000
Sunil Shah, 41, Male, Operations, 75000
Roshni Desai, 26, Female, Human Resources, 65000
Vijay Rajan, 38, Male, Sales, 55000
Megha Menon, 35, Female, Marketing, 60000
Anand Iyer, 36, Male, Finance, 55000
Nisha Verma, 28, Female, Information Technology, 80000
Manish Nair, 40, Male, Operations, 75000
Tanvi Gupta, 34, Female, Sales, 60000
Muhammad Ahmed, 32, Male, Sales, 42000
Aisha Khan, 29, Female, Marketing, 53000
Ali Hassan, 37, Male, Operations, 68000
Sana Malik, 24, Female, Finance, 57000
Fatima Shah, 31, Female, Human Resources, 63000
Usman Haider, 35, Male, Information Technology, 89000
Abdullah Naseer, 41, Male, Operations, 74000
Amina Javed, 26, Female, Marketing, 48000
Saad Farooq, 33, Male, Sales, 45000
Muneeb Aslam, 28, Male, Finance, 55000
Maryam Akhtar, 30, Female, Human Resources, 69000
Asif Hassan, 39, Male, Operations, 71000
Rabia Imran, 27, Female, Marketing, 50000
Ahmed Ali, 34, Male, Sales, 47000
Zainab Ahmed, 25, Female, Information Technology, 82000
Yasir Zaman, 36, Male, Operations, 76000
Aisha Jabeen, 29, Female, Marketing, 52000
Sajid Iqbal, 31, Male, Sales, 48000
Samina Khan, 30, Female, Finance, 58000
Hamza Malik, 33, Male, Information Technology, 87000
Nashit Khan, 38, Male, Operations, 75000
Nida Akhtar, 26, Female, Marketing, 49000
Kashif Farooq, 35, Male, Sales, 44000
Mariam Saeed, 28, Female, Finance, 54000
Junaid Asif, 29, Male, Operations, 73000
Nadia Fatima, 27, Female, Marketing, 51000
Talha Shah, 36, Male, Information Technology, 84000
Zahid Iqbal, 32, Male, Operations, 70000
Shireen Haider, 31, Female, Human Resources, 60000
Asma Javed, 26, Female, Marketing, 47000
Imran Ali, 33, Male, Sales, 46000
Sadia Malik, 30, Female, Finance, 59000
Faisal Zaman, 35, Male, Information Technology, 88000
Zainab Ahmed, 41, Female, Operations, 77000
Jawad Iqbal, 29, Male, Marketing, 51000
Khadija Akhtar, 27, Female, Sales, 43000
Imtiaz Farooq, 38, Male, Finance, 62000
Bushra Aslam, 32, Female, Operations, 71000
Bilal Khan, 34, Male, Marketing, 49000
Ayesha Hassan, 31, Female, Sales, 42000
Mujtaba Shah, 30, Male, Finance, 56000
Fiza Javed, 29, Female, Operations, 72000
Qasim Ali, 36, Male, Marketing, 50000
Mehwish Malik, 26, Female, Sales, 41000
Saif Zaman, 37, Male, Information Technology, 86000
Juan Garcia, 40, Male, Sales, 51000
Maria Hernandez, 35, Female, Marketing, 62000
Jose Martinez, 28, Male, Operations, 77000
Sofia Ramirez, 33, Female, Finance, 59000
Fernando Torres, 42, Male, Human Resources, 66000
Laura Diaz, 29, Female, Information Technology, 83000
Ricardo Sanchez, 44, Male, Operations, 72000
Ana Gonzalez, 27, Female, Marketing, 63000
Jorge Lopez, 36, Male, Sales, 52000
Gabriela Perez, 31, Female, Finance, 57000
Miguel Rodriguez, 45, Male, Information Technology, 88000
Carmen Torres, 30, Female, Human Resources, 65000
Luis Reyes, 39, Male, Operations, 71000
Rosa Ortiz, 32, Female, Marketing, 64000
Pedro Jimenez, 47, Male, Sales, 50000
Isabel Vazquez, 26, Female, Finance, 54000
Oscar Ramirez, 37, Male, Information Technology, 90000
Sara Alvarez, 34, Female, Human Resources, 69000
Alejandro Herrera, 43, Male, Operations, 76000
Gloria Romero, 25, Female, Sales, 47000
Hector Fuentes, 38, Male, Marketing, 61000
Pilar Castillo, 29, Female, Finance, 56000
Adrián Rubio, 46, Male, Information Technology, 82000
Blanca Mendoza, 31, Female, Human Resources, 68000
Julio Nuñez, 41, Male, Operations, 75000
Catalina Castro, 28, Female, Sales, 48000
Javier Vega, 33, Male, Marketing, 59000
Karla Sandoval, 40, Female, Finance, 58000
Mauricio Rios, 35, Male, Information Technology, 85000
Monica Montes, 42, Female, Human Resources, 67000
Raul Sosa, 30, Male, Operations, 73000
Lucia Aguilar, 27, Female, Sales, 49000
Antonio Galvan, 36, Male, Marketing, 60000
Martha Valdez, 31, Female, Finance, 55000
Arturo Pineda, 47, Male, Information Technology, 79000
Miriam Cervantes, 32, Female, Human Resources, 70000
Carlos Salazar, 39, Male, Operations, 72000
Cecilia Peña, 28, Female, Sales, 50000
Lorenzo Chavez, 33, Male, Marketing, 58000
Daniela Vargas, 36, Female, Finance, 57000
Francisco Zavala, 44, Male, Information Technology, 85000
Alicia Pacheco, 29, Female, Human Resources, 66000
Rafael Morales, 38, Male, Operations, 71000
Veronica Rosales, 30, Female, Sales, 52000
Mariano Villa, 37, Male, Marketing, 61000
Beatriz Nava, 31, Female, Finance, 56000
Marko Horvat, 35, Male, Sales, 51023
Ana Novak, 28, Female, Marketing, 63012
Ivan Vukovic, 42, Male, Operations, 70345
Petra Bosnjak, 26, Female, Finance, 55473
Josip Katic, 33, Male, Human Resources, 66666
Sara Maric, 31, Female, Information Technology, 80512
Mladen Tomic, 40, Male, Operations, 74999
Marija Loncar, 29, Female, Marketing, 62345
Franjo Grgic, 37, Male, Sales, 53421
Ana Babic, 28, Female, Finance, 54123
Stjepan Kovac, 34, Male, Information Technology, 80765
Marta Kralj, 32, Female, Human Resources, 67890
Matija Peric, 41, Male, Operations, 75678
Katarina Piskoric, 30, Female, Marketing, 63219
Marin Vucic, 38, Male, Sales, 54567
Dora Mikulic, 27, Female, Finance, 56034
Filip Milic, 39, Male, Information Technology, 81000
Lara Franjic, 36, Female, Human Resources, 66789
Igor Grbic, 43, Male, Operations, 76321
Elena Juric, 25, Female, Sales, 49999
Petar Andric, 33, Male, Marketing, 61023
Mia Radic, 30, Female, Finance, 52345
Jure Petrovic, 31, Male, Information Technology, 82567
Iva Kresic, 44, Female, Human Resources, 68888
Luka Antic, 26, Male, Operations, 71234
Sofia Markovic, 35, Female, Sales, 55555
Nikola Pavlovic, 33, Male, Marketing, 62012
Lea Martinovic, 36, Female, Finance, 52678
Hrvoje Tadic, 28, Male, Information Technology, 81890
Klara Bosnjak, 39, Female, Human Resources, 66777
Dario Horvat, 37, Male, Operations, 77777
Magdalena Novak, 29, Female, Marketing, 61345
Josko Vukovic, 35, Male, Sales, 51000
Mirna Babic, 33, Female, Finance, 51012
Dino Katic, 36, Male, Information Technology, 81234
Ela Maric, 31, Female, Human Resources, 65432
Hrvoje Tomic, 40, Male, Operations, 70123
Ivana Loncar, 27, Female, Marketing, 64567
Bojan Grgic, 38, Male, Sales, 55500
Marijana Kovac, 29, Female, Finance, 51432
Nikolina Kralj, 30, Female, Information Technology, 80123
Dinko Peric, 42, Male, Operations, 75666
Ivana Piskoric, 28, Female, Marketing, 62367
Matko Vucic, 51, Male, Sales, 55500
Aarav Singh, 28, Male, Sales, 55000
Anjali Patel, 31, Female, Marketing, 60000
Dhruv Gupta, 35, Male, Operations, 70000
Devika Sharma, 26, Female, Finance, 55000
Himanshu Kumar, 33, Male, Human Resources, 65000
Ishaan Shah, 29, Male, Information Technology, 80000
Jhanvi Joshi, 40, Female, Operations, 75000
Kamal Yadav, 32, Male, Marketing, 60000
Leena Singh, 37, Female, Sales, 55000
Mohit Patel, 28, Male, Information Technology, 80000
Nandini Chakraborty, 31, Female, Finance, 55000
Preeti Mehta, 30, Female, Human Resources, 65000
Rajesh Singh, 41, Male, Operations, 75000
Sandeep Gupta, 27, Male, Sales, 55000
Sapna Sharma, 33, Female, Marketing, 60000
Tarun Kumar, 30, Male, Finance, 55000
Trisha Shah, 26, Female, Information Technology, 80000
Urvashi Joshi, 39, Female, Operations, 75000
Varun Yadav, 35, Male, Marketing, 60000
Vidhi Singh, 28, Female, Sales, 55000
Yash Patel, 33, Male, Information Technology, 80000
Zoya Chakraborty, 31, Female, Finance, 55000
Aakash Mehta, 32, Male, Human Resources, 65000
Bhuvan Singh, 41, Male, Operations, 75000
Charvi Gupta, 27, Female, Sales, 55000
Darshana Sharma, 33, Female, Marketing, 60000
Ekta Kumar, 30, Female, Finance, 55000
Faizan Shah, 28, Male, Information Technology, 80000
Girish Joshi, 39, Male, Operations, 75000
Hina Yadav, 36, Female, Marketing, 60000
Ishita Singh, 29, Female, Sales, 55000
Jatin Patel, 33, Male, Information Technology, 80000
Khushi Chakraborty, 31, Female, Finance, 55000
Lakshya Mehta, 32, Male, Human Resources, 65000
Manoj Singh, 41, Male, Operations, 75000
Neha Gupta, 27, Female, Sales, 55000
Omkar Sharma, 33, Male, Marketing, 60000
Piyush Kumar, 30, Male, Finance, 55000
Qasim Shah, 28, Male, Information Technology, 80000
Riya Joshi, 39, Female, Operations, 75000
Sakshi Yadav, 35, Female, Marketing, 60000
Tanvi Singh, 28, Female, Sales, 55000
Uday Patel, 33, Male, Information Technology, 80000
Vivek Chakraborty, 31, Male, Finance, 55000
Haley Smith, 28, Female, Information Technology, 80000
Daniel Thompson, 39, Male, Operations, 75000
Abby Davis, 32, Female, Human Resources, 65000
Kevin Wilson, 40, Male, Sales, 55000
Olivia Rodriguez, 29, Female, Marketing, 60000
Jacob Brown, 31, Male, Finance, 55000
Ella Smith, 33, Female, Information Technology, 80000
Nathan Thompson, 42, Male, Operations, 75000
Mia Davis, 34, Female, Human Resources, 65000
Christopher Wilson, 38, Male, Sales, 55000
Sophia Rodriguez, 30, Female, Marketing, 60000
Ryan Brown, 40, Male, Finance, 55000
Isabella Smith, 26, Female, Information Technology, 80000
Adam Thompson, 41, Male, Operations, 75000
Natalie Davis, 27, Female, Human Resources, 65000
Jacob Wilson, 35, Male, Sales, 55000
Madison Rodriguez, 33, Female, Marketing, 60000
Christopher Brown, 36, Male, Finance, 55000
Avery Smith, 29, Female, Information Technology, 80000
Jonathan Thompson, 38, Male, Operations, 75000
Kaitlyn Davis, 31, Female, Human Resources, 65000
Joseph Wilson, 43, Male, Sales, 55000
Ravi Kumar, 35, Male, Sales, 50000
Priya Patel, 28, Female, Marketing, 60000
Vikram Singh, 42, Male, Operations, 70000
Anjali Desai, 26, Female, Finance, 55000
Amit Shah, 33, Male, Human Resources, 65000
Neha Gupta, 31, Female, Information Technology, 80000
Suresh Rajan, 40, Male, Operations, 75000
Radha Menon, 29, Female, Marketing, 60000
Sanjay Iyer, 37, Male, Sales, 55000
Anita Verma, 28, Female, Finance, 55000
Shivani Nair, 34, Female, Information Technology, 80000
Rahul Gupta, 32, Male, Human Resources, 65000
Nandini Menon, 41, Female, Operations, 75000
Aryan Patel, 30, Male, Marketing, 60000
Rajesh Singh, 38, Male, Sales, 55000
Pooja Shah, 27, Female, Finance, 55000
Aarti Desai, 39, Female, Information Technology, 80000
Aditya Rajan, 36, Male, Operations, 75000
Shalini Menon, 25, Female, Marketing, 55000
Vivek Iyer, 33, Male, Human Resources, 65000
Hari Verma, 40, Male, Information Technology, 80000
Divya Nair, 27, Female, Operations, 75000
Aakash Gupta, 35, Male, Sales, 60000
Ayesha Menon, 30, Female, Marketing, 55000
Rohan Patel, 31, Male, Finance, 55000
Anjana Singh, 28, Female, Information Technology, 80000
Manoj Shah, 44, Male, Operations, 75000
Sneha Desai, 32, Female, Human Resources, 65000
Gaurav Rajan, 38, Male, Sales, 55000
Preeti Menon, 36, Female, Marketing, 60000
Amita Iyer, 33, Female, Finance, 55000
Sudhir Verma, 39, Male, Information Technology, 80000
Vikrant Nair, 34, Male, Operations, 75000
Komal Gupta, 27, Female, Sales, 60000
Swati Menon, 30, Female, Marketing, 55000
Kishan Patel, 32, Male, Finance, 55000
Ritu Singh, 29, Female, Information Technology, 80000
Sunil Shah, 41, Male, Operations, 75000
Roshni Desai, 26, Female, Human Resources, 65000
Vijay Rajan, 38, Male, Sales, 55000
Megha Menon, 35, Female, Marketing, 60000
Anand Iyer, 36, Male, Finance, 55000
Nisha Verma, 28, Female, Information Technology, 80000
Manish Nair, 40, Male, Operations, 75000
Tanvi Gupta, 34, Female, Sales, 60000
Muhammad Ahmed, 32, Male, Sales, 42000
Aisha Khan, 29, Female, Marketing, 53000
Ali Hassan, 37, Male, Operations, 68000
Sana Malik, 24, Female, Finance, 57000
Fatima Shah, 31, Female, Human Resources, 63000
Usman Haider, 35, Male, Information Technology, 89000
Abdullah Naseer, 41, Male, Operations, 74000
Amina Javed, 26, Female, Marketing, 48000
Saad Farooq, 33, Male, Sales, 45000
Muneeb Aslam, 28, Male, Finance, 55000
Maryam Akhtar, 30, Female, Human Resources, 69000
Asif Hassan, 39, Male, Operations, 71000
Rabia Imran, 27, Female, Marketing, 50000
Ahmed Ali, 34, Male, Sales, 47000
Zainab Ahmed, 25, Female, Information Technology, 82000
Yasir Zaman, 36, Male, Operations, 76000
Aisha Jabeen, 29, Female, Marketing, 52000
Sajid Iqbal, 31, Male, Sales, 48000
Samina Khan, 30, Female, Finance, 58000
Hamza Malik, 33, Male, Information Technology, 87000
Nashit Khan, 38, Male, Operations, 75000
Nida Akhtar, 26, Female, Marketing, 49000
Kashif Farooq, 35, Male, Sales, 44000
Mariam Saeed, 28, Female, Finance, 54000
Junaid Asif, 29, Male, Operations, 73000
Nadia Fatima, 27, Female, Marketing, 51000
Talha Shah, 36, Male, Information Technology, 84000
Zahid Iqbal, 32, Male, Operations, 70000
Shireen Haider, 31, Female, Human Resources, 60000
Asma Javed, 26, Female, Marketing, 47000
Imran Ali, 33, Male, Sales, 46000
Sadia Malik, 30, Female, Finance, 59000
Faisal Zaman, 35, Male, Information Technology, 88000
Zainab Ahmed, 41, Female, Operations, 77000
Jawad Iqbal, 29, Male, Marketing, 51000
Khadija Akhtar, 27, Female, Sales, 43000
Imtiaz Farooq, 38, Male, Finance, 62000
Bushra Aslam, 32, Female, Operations, 71000
Bilal Khan, 34, Male, Marketing, 49000
Ayesha Hassan, 31, Female, Sales, 42000
Mujtaba Shah, 30, Male, Finance, 56000
Fiza Javed, 29, Female, Operations, 72000
Qasim Ali, 36, Male, Marketing, 50000
Mehwish Malik, 26, Female, Sales, 41000
Saif Zaman, 37, Male, Information Technology, 86000
Juan Garcia, 40, Male, Sales, 51000
Maria Hernandez, 35, Female, Marketing, 62000
Jose Martinez, 28, Male, Operations, 77000
Sofia Ramirez, 33, Female, Finance, 59000
Fernando Torres, 42, Male, Human Resources, 66000
Laura Diaz, 29, Female, Information Technology, 83000
Ricardo Sanchez, 44, Male, Operations, 72000
Ana Gonzalez, 27, Female, Marketing, 63000
Jorge Lopez, 36, Male, Sales, 52000
Gabriela Perez, 31, Female, Finance, 57000
Miguel Rodriguez, 45, Male, Information Technology, 88000
Carmen Torres, 30, Female, Human Resources, 65000
Luis Reyes, 39, Male, Operations, 71000
Rosa Ortiz, 32, Female, Marketing, 64000
Pedro Jimenez, 47, Male, Sales, 50000
Isabel Vazquez, 26, Female, Finance, 54000
Oscar Ramirez, 37, Male, Information Technology, 90000
Sara Alvarez, 34, Female, Human Resources, 69000
Alejandro Herrera, 43, Male, Operations, 76000
Gloria Romero, 25, Female, Sales, 47000
Hector Fuentes, 38, Male, Marketing, 61000
Pilar Castillo, 29, Female, Finance, 56000
Adrián Rubio, 46, Male, Information Technology, 82000
Blanca Mendoza, 31, Female, Human Resources, 68000
Julio Nuñez, 41, Male, Operations, 75000
Catalina Castro, 28, Female, Sales, 48000
Javier Vega, 33, Male, Marketing, 59000
Karla Sandoval, 40, Female, Finance, 58000
Mauricio Rios, 35, Male, Information Technology, 85000
Monica Montes, 42, Female, Human Resources, 67000
Raul Sosa, 30, Male, Operations, 73000
Lucia Aguilar, 27, Female, Sales, 49000
Antonio Galvan, 36, Male, Marketing, 60000
Martha Valdez, 31, Female, Finance, 55000
Arturo Pineda, 47, Male, Information Technology, 79000
Miriam Cervantes, 32, Female, Human Resources, 70000
Carlos Salazar, 39, Male, Operations, 72000
Cecilia Peña, 28, Female, Sales, 50000
Lorenzo Chavez, 33, Male, Marketing, 58000
Daniela Vargas, 36, Female, Finance, 57000
Francisco Zavala, 44, Male, Information Technology, 85000
Alicia Pacheco, 29, Female, Human Resources, 66000
Rafael Morales, 38, Male, Operations, 71000
Veronica Rosales, 30, Female, Sales, 52000
Mariano Villa, 37, Male, Marketing, 61000
Beatriz Nava, 31, Female, Finance, 56000
Marko Horvat, 35, Male, Sales, 51023
Ana Novak, 28, Female, Marketing, 63012
Ivan Vukovic, 42, Male, Operations, 70345
Petra Bosnjak, 26, Female, Finance, 55473
Josip Katic, 33, Male, Human Resources, 66666
Sara Maric, 31, Female, Information Technology, 80512
Mladen Tomic, 40, Male, Operations, 74999
Marija Loncar, 29, Female, Marketing, 62345
Franjo Grgic, 37, Male, Sales, 53421
Ana Babic, 28, Female, Finance, 54123
Stjepan Kovac, 34, Male, Information Technology, 80765
Marta Kralj, 32, Female, Human Resources, 67890
Matija Peric, 41, Male, Operations, 75678
Katarina Piskoric, 30, Female, Marketing, 63219
Marin Vucic, 38, Male, Sales, 54567
Dora Mikulic, 27, Female, Finance, 56034
Filip Milic, 39, Male, Information Technology, 81000
Lara Franjic, 36, Female, Human Resources, 66789
Igor Grbic, 43, Male, Operations, 76321
Elena Juric, 25, Female, Sales, 49999
Petar Andric, 33, Male, Marketing, 61023
Mia Radic, 30, Female, Finance, 52345
Jure Petrovic, 31, Male, Information Technology, 82567
Iva Kresic, 44, Female, Human Resources, 68888
Luka Antic, 26, Male, Operations, 71234
Sofia Markovic, 35, Female, Sales, 55555
Nikola Pavlovic, 33, Male, Marketing, 62012
Lea Martinovic, 36, Female, Finance, 52678
Hrvoje Tadic, 28, Male, Information Technology, 81890
Klara Bosnjak, 39, Female, Human Resources, 66777
Dario Horvat, 37, Male, Operations, 77777
Magdalena Novak, 29, Female, Marketing, 61345
Josko Vukovic, 35, Male, Sales, 51000
Mirna Babic, 33, Female, Finance, 51012
Dino Katic, 36, Male, Information Technology, 81234
Ela Maric, 31, Female, Human Resources, 65432
Hrvoje Tomic, 40, Male, Operations, 70123
Ivana Loncar, 27, Female, Marketing, 64567
Bojan Grgic, 38, Male, Sales, 55500
Marijana Kovac, 29, Female, Finance, 51432
Nikolina Kralj, 30, Female, Information Technology, 80123
Dinko Peric, 42, Male, Operations, 75666
Ivana Piskoric, 28, Female, Marketing, 62367
Matko Vucic, 51, Male, Sales, 55500
Aarav Singh, 28, Male, Sales, 55000
Anjali Patel, 31, Female, Marketing, 60000
Dhruv Gupta, 35, Male, Operations, 70000
Devika Sharma, 26, Female, Finance, 55000
Himanshu Kumar, 33, Male, Human Resources, 65000
Ishaan Shah, 29, Male, Information Technology, 80000
Jhanvi Joshi, 40, Female, Operations, 75000
Kamal Yadav, 32, Male, Marketing, 60000
Leena Singh, 37, Female, Sales, 55000
Mohit Patel, 28, Male, Information Technology, 80000
Nandini Chakraborty, 31, Female, Finance, 55000
Preeti Mehta, 30, Female, Human Resources, 65000
Rajesh Singh, 41, Male, Operations, 75000
Sandeep Gupta, 27, Male, Sales, 55000
Sapna Sharma, 33, Female, Marketing, 60000
Tarun Kumar, 30, Male, Finance, 55000
Trisha Shah, 26, Female, Information Technology, 80000
Urvashi Joshi, 39, Female, Operations, 75000
Varun Yadav, 35, Male, Marketing, 60000
Himanshu Kumar, 33, Male, Human Resources, 65000
Ishaan Shah, 29, Male, Information Technology, 80000
Jhanvi Joshi, 40, Female, Operations, 75000
Kamal Yadav, 32, Male, Marketing, 60000
James Rodriguez, 41, Male, Operations, 75000