ID,Name,In stock?,Regular price,Brand
1,Divi Engine String Bag (Big Logo),1,19.99,Divi
2,Divi Engine String Bag (Small Logos),1,19.99,Divi
4,Brand Buttons - Divi,1,9.99,Divi
5,Brand Buttons - Divi Engine,1,9.99,Divi
6,Brand Buttons - WooCommerce,1,9.99,WordPress
7,Brand Buttons - WordPress,1,9.99,WordPress
9,Divi Engine Tee,1,15.00,Divi
10,"Divi Engine Tee - Blue, Large",1,14.99,Divi
11,"Divi Engine Tee - White, Large",1,14.99,Divi
12,"Divi Engine Tee - Yellow, Large",1,14.99,Divi
13,"Divi Engine Tee - Blue, Medium",1,14.99,Divi
14,"Divi Engine Tee - White, Medium",1,14.99,Divi
15,"Divi Engine Tee - Yellow, Medium",1,14.99,Divi
16,"Divi Engine Tee - Blue, Small",1,14.99,Divi
17,"Divi Engine Tee - White, Small",1,14.99,Divi
18,"Divi Engine Tee - Yellow, Small",1,14.99,Divi
19,Divi Tee,1,12.00,Divi
20,Divi Tee - Large,1,14.99,Divi
21,Divi Tee - Medium,1,14.99,Divi
22,Divi Tee - Small,1,14.99,Divi
23,WordPress Tee,1,100.00,WordPress
24,WordPress Tee - Large,1,14.99,WordPress
25,WordPress Tee - Medium,1,14.99,WordPress
26,WordPress Tee - Small,1,14.99,WordPress
27,Mens Divi Hoodie,0,28.00,Divi
28,Mens Divi Hoodie - Large,0,39.99,Divi
29,Mens Divi Hoodie - Medium,0,34.99,Divi
30,Mens Divi Hoodie - Small,0,34.99,Divi
31,Dat Divi Engine Life Hoodie - Limited Edition,1,33.00,Divi
32,Dat Divi Engine Life Hoodie - Limited Edition - Large,1,44.99,Divi
33,Dat Divi Engine Life Hoodie - Limited Edition - Medium,1,44.99,Divi
34,Dat Divi Engine Life Hoodie - Limited Edition - Small,1,44.99,Divi
35,Mens WordPress Hoodie,1,37.00,WordPress
36,Mens WordPress Hoodie - Large,1,34.99,WordPress
37,Mens WordPress Hoodie - Medium,1,34.99,WordPress
38,Mens WordPress Hoodie - Small,1,34.99,WordPress
39,Divi Engine Logo Zipper Hoodie,1,44.00,Divi
40,Divi Engine Logo Zipper Hoodie - Large,1,29.99,Divi
